true_label,predicted_prob,predicted_label
1,0.54020023,1.0
0,0.496587,0.0
1,0.59277767,1.0
0,0.54267234,1.0
0,0.47786465,0.0
0,0.50506485,1.0
0,0.5069055,1.0
0,0.62643194,1.0
0,0.5737414,1.0
1,0.6182968,1.0
1,0.5483367,1.0
1,0.5150942,1.0
0,0.53220576,1.0
1,0.57008183,1.0
0,0.5251706,1.0
0,0.54448444,1.0
1,0.56004655,1.0
1,0.5491781,1.0
0,0.53173155,1.0
0,0.49178922,0.0
1,0.5443225,1.0
1,0.47274837,0.0
0,0.48690173,0.0
0,0.47985142,0.0
0,0.5212616,1.0
1,0.54801226,1.0
0,0.53490925,1.0
1,0.53129315,1.0
1,0.53813934,1.0
0,0.48584682,0.0
1,0.62382895,1.0
0,0.5144352,1.0
1,0.48945776,0.0
0,0.5868969,1.0
1,0.530392,1.0
0,0.6642759,1.0
0,0.54589933,1.0
1,0.5154657,1.0
1,0.48393363,0.0
0,0.52690387,1.0
0,0.4938703,0.0
0,0.59460926,1.0
1,0.4764404,0.0
1,0.55113083,1.0
1,0.530631,1.0
1,0.52686006,1.0
1,0.60699666,1.0
1,0.5165304,1.0
0,0.59247434,1.0
1,0.60686857,1.0
1,0.5096604,1.0
0,0.50978845,1.0
1,0.5608781,1.0
1,0.49482477,0.0
0,0.4770876,0.0
1,0.5563695,1.0
1,0.50551367,1.0
0,0.5291965,1.0
1,0.48596916,0.0
1,0.6088268,1.0
1,0.49177936,0.0
0,0.47812164,0.0
1,0.5031386,1.0
1,0.5522101,1.0
1,0.556856,1.0
1,0.48017538,0.0
1,0.4935697,0.0
1,0.5878302,1.0
0,0.5024074,1.0
1,0.6196549,1.0
0,0.4885229,0.0
0,0.61314,1.0
0,0.6336458,1.0
0,0.47870582,0.0
1,0.5019348,1.0
1,0.5200353,1.0
1,0.49322012,0.0
0,0.51088876,1.0
0,0.49777713,0.0
1,0.53933954,1.0
0,0.49041894,0.0
0,0.5192959,1.0
1,0.6137832,1.0
1,0.5598607,1.0
0,0.51617914,1.0
0,0.5035005,1.0
1,0.50027776,1.0
0,0.5066847,1.0
0,0.5315301,1.0
0,0.60476667,1.0
0,0.5554277,1.0
0,0.55995977,1.0
1,0.5271399,1.0
1,0.49963537,0.0
1,0.5660975,1.0
0,0.51731825,1.0
1,0.58078206,1.0
0,0.55882055,1.0
1,0.53167444,1.0
1,0.5416364,1.0
1,0.578434,1.0
1,0.5564454,1.0
0,0.49901846,0.0
0,0.48182833,0.0
0,0.51337636,1.0
0,0.48703074,0.0
0,0.5106455,1.0
0,0.5494678,1.0
0,0.4880547,0.0
0,0.53504527,1.0
0,0.47603905,0.0
1,0.48345435,0.0
1,0.56638193,1.0
0,0.48338008,0.0
0,0.5739871,1.0
0,0.4859211,0.0
0,0.5393875,1.0
0,0.6414397,1.0
1,0.5689414,1.0
0,0.5989679,1.0
1,0.47993258,0.0
1,0.5315044,1.0
0,0.52127576,1.0
1,0.49878216,0.0
0,0.57847416,1.0
1,0.6188302,1.0
0,0.48515603,0.0
1,0.5362112,1.0
0,0.5896211,1.0
1,0.50240237,1.0
1,0.56834924,1.0
0,0.5547049,1.0
0,0.5453113,1.0
1,0.6152941,1.0
0,0.56585443,1.0
1,0.5002649,1.0
0,0.47991627,0.0
1,0.47717214,0.0
1,0.55080837,1.0
0,0.5993798,1.0
0,0.6499299,1.0
1,0.56760347,1.0
0,0.48039976,0.0
1,0.6255831,1.0
0,0.54567426,1.0
1,0.5123085,1.0
0,0.49787107,0.0
0,0.53446513,1.0
0,0.5561434,1.0
0,0.48458332,0.0
0,0.5835413,1.0
1,0.49068823,0.0
0,0.49384028,0.0
0,0.48882395,0.0
1,0.4851407,0.0
0,0.5594923,1.0
0,0.533976,1.0
1,0.56431013,1.0
0,0.47824693,0.0
0,0.56377965,1.0
0,0.5558419,1.0
0,0.62366414,1.0
0,0.49386796,0.0
0,0.51718754,1.0
0,0.52292943,1.0
1,0.56470335,1.0
0,0.5077608,1.0
1,0.5384496,1.0
1,0.5211206,1.0
0,0.50696975,1.0
0,0.51386714,1.0
0,0.5401904,1.0
0,0.49500832,0.0
0,0.5650053,1.0
1,0.560771,1.0
1,0.47903353,0.0
0,0.5382601,1.0
1,0.5795614,1.0
1,0.48792934,0.0
1,0.5550241,1.0
1,0.4823238,0.0
0,0.5755583,1.0
0,0.52792096,1.0
1,0.57302725,1.0
1,0.51783377,1.0
0,0.6332683,1.0
0,0.5397383,1.0
1,0.49039406,0.0
1,0.4944392,0.0
0,0.48707634,0.0
1,0.5448419,1.0
0,0.5310975,1.0
0,0.47507295,0.0
1,0.55280405,1.0
1,0.48185784,0.0
1,0.580388,1.0
1,0.54510677,1.0
1,0.5901652,1.0
0,0.48723295,0.0
0,0.58232826,1.0
0,0.5295113,1.0
1,0.63382393,1.0
0,0.6118108,1.0
1,0.47387198,0.0
0,0.53688335,1.0
0,0.49444568,0.0
0,0.61160314,1.0
0,0.57904613,1.0
1,0.6171827,1.0
1,0.50432026,1.0
0,0.5809051,1.0
0,0.49514097,0.0
0,0.5258158,1.0
1,0.54809034,1.0
1,0.4836161,0.0
0,0.5510413,1.0
0,0.48804998,0.0
0,0.5264043,1.0
1,0.57223254,1.0
1,0.59068525,1.0
0,0.51302713,1.0
1,0.6970584,1.0
1,0.65181607,1.0
0,0.5071799,1.0
1,0.64703447,1.0
0,0.5413683,1.0
0,0.5126276,1.0
1,0.48646966,0.0
0,0.5729464,1.0
0,0.50420064,1.0
1,0.60196334,1.0
1,0.60831124,1.0
1,0.50837195,1.0
0,0.5624762,1.0
0,0.4904978,0.0
0,0.49861488,0.0
1,0.5657823,1.0
1,0.5813903,1.0
1,0.4966905,0.0
1,0.53636897,1.0
1,0.5377342,1.0
1,0.4765884,0.0
1,0.58298165,1.0
0,0.50056833,1.0
1,0.59075207,1.0
0,0.55533785,1.0
0,0.5272993,1.0
0,0.5203172,1.0
0,0.48085216,0.0
0,0.4848837,0.0
0,0.4763192,0.0
0,0.4806606,0.0
1,0.4981332,0.0
1,0.5401734,1.0
0,0.4855181,0.0
0,0.48382086,0.0
0,0.5273101,1.0
0,0.5113496,1.0
1,0.48501456,0.0
0,0.5054281,1.0
1,0.53750443,1.0
1,0.51661676,1.0
0,0.5011144,1.0
1,0.51844436,1.0
1,0.5992068,1.0
0,0.48654696,0.0
1,0.5853373,1.0
0,0.51896036,1.0
1,0.5662029,1.0
0,0.5772758,1.0
1,0.5576524,1.0
0,0.56793135,1.0
0,0.55387074,1.0
1,0.614146,1.0
1,0.55989873,1.0
1,0.48244694,0.0
1,0.614466,1.0
1,0.5645063,1.0
1,0.5172749,1.0
0,0.4964299,0.0
0,0.49330524,0.0
1,0.57806146,1.0
1,0.5173694,1.0
1,0.48180142,0.0
0,0.5898888,1.0
0,0.5190761,1.0
0,0.5179025,1.0
1,0.54291993,1.0
1,0.48827872,0.0
0,0.48516664,0.0
1,0.48804584,0.0
1,0.537839,1.0
1,0.48520553,0.0
0,0.48425847,0.0
1,0.5098361,1.0
0,0.53853077,1.0
0,0.5506821,1.0
1,0.48703954,0.0
0,0.57302123,1.0
0,0.5645115,1.0
0,0.5245582,1.0
1,0.61828965,1.0
1,0.5060253,1.0
1,0.50194997,1.0
0,0.5350064,1.0
1,0.5395808,1.0
0,0.52405703,1.0
1,0.5033784,1.0
1,0.49183217,0.0
1,0.48608905,0.0
0,0.52109176,1.0
1,0.59857315,1.0
1,0.49220175,0.0
0,0.5316629,1.0
0,0.5045213,1.0
0,0.56953776,1.0
1,0.55123645,1.0
1,0.480714,0.0
0,0.6010614,1.0
1,0.4802993,0.0
1,0.5500501,1.0
1,0.5363256,1.0
0,0.5144842,1.0
0,0.5687043,1.0
0,0.5606935,1.0
0,0.4989439,0.0
0,0.48925045,0.0
0,0.49078494,0.0
0,0.5531518,1.0
0,0.51417,1.0
1,0.52751166,1.0
1,0.49135613,0.0
1,0.6333088,1.0
0,0.6343665,1.0
1,0.6117458,1.0
1,0.5739077,1.0
0,0.48792633,0.0
1,0.5239075,1.0
1,0.545535,1.0
0,0.5258724,1.0
1,0.5723449,1.0
0,0.583716,1.0
0,0.49900392,0.0
1,0.4795878,0.0
1,0.5410182,1.0
1,0.63029003,1.0
1,0.6348297,1.0
1,0.50901544,1.0
1,0.56483245,1.0
0,0.49230048,0.0
1,0.58838433,1.0
1,0.48659948,0.0
0,0.5844952,1.0
0,0.5333568,1.0
1,0.55671084,1.0
1,0.5532433,1.0
1,0.5259184,1.0
1,0.5395071,1.0
1,0.50344306,1.0
0,0.50618714,1.0
1,0.4917508,0.0
1,0.48353454,0.0
1,0.5298098,1.0
0,0.56345755,1.0
1,0.49527282,0.0
1,0.5879842,1.0
0,0.48237458,0.0
0,0.548136,1.0
0,0.6212572,1.0
1,0.54010534,1.0
1,0.50222844,1.0
0,0.49990514,0.0
1,0.53259444,1.0
1,0.5962139,1.0
1,0.502111,1.0
1,0.54072565,1.0
0,0.47872618,0.0
1,0.4945617,0.0
0,0.49517435,0.0
1,0.4954077,0.0
0,0.5642666,1.0
1,0.4775628,0.0
1,0.47994417,0.0
0,0.5477477,1.0
1,0.47916102,0.0
1,0.577848,1.0
0,0.53943044,1.0
0,0.5358739,1.0
0,0.4894513,0.0
1,0.5373388,1.0
0,0.5140224,1.0
1,0.5334861,1.0
0,0.5460944,1.0
0,0.5709119,1.0
1,0.61263925,1.0
0,0.51904625,1.0
1,0.63494915,1.0
0,0.5017493,1.0
1,0.5022027,1.0
1,0.58643705,1.0
1,0.52653307,1.0
1,0.5939811,1.0
1,0.5824462,1.0
1,0.52427405,1.0
1,0.48599505,0.0
0,0.5725891,1.0
0,0.5204209,1.0
1,0.5059237,1.0
1,0.5287876,1.0
0,0.49127787,0.0
0,0.47662643,0.0
1,0.4930389,0.0
0,0.510747,1.0
0,0.48116398,0.0
0,0.48129004,0.0
1,0.5985307,1.0
1,0.48899993,0.0
1,0.61815464,1.0
0,0.49187693,0.0
1,0.55581504,1.0
1,0.49899697,0.0
0,0.50828296,1.0
0,0.48342398,0.0
1,0.5559727,1.0
0,0.47987047,0.0
1,0.47504786,0.0
0,0.49865684,0.0
1,0.5549221,1.0
0,0.54413617,1.0
1,0.657459,1.0
0,0.5191863,1.0
0,0.58664787,1.0
0,0.5957879,1.0
1,0.5273493,1.0
0,0.47728568,0.0
1,0.5388962,1.0
0,0.4751618,0.0
1,0.58998686,1.0
0,0.63356924,1.0
0,0.5284415,1.0
0,0.5515834,1.0
0,0.50692374,1.0
1,0.524326,1.0
1,0.511156,1.0
0,0.52915394,1.0
1,0.5967148,1.0
0,0.4832182,0.0
0,0.52027863,1.0
1,0.58226454,1.0
0,0.5510649,1.0
0,0.593565,1.0
0,0.58529377,1.0
1,0.54600984,1.0
1,0.5894175,1.0
1,0.51343966,1.0
0,0.53386813,1.0
1,0.5733257,1.0
1,0.5207722,1.0
0,0.5287385,1.0
1,0.49761674,0.0
1,0.54915434,1.0
0,0.48397997,0.0
0,0.5037142,1.0
1,0.4841887,0.0
0,0.5499904,1.0
1,0.5010632,1.0
0,0.5302473,1.0
1,0.54043204,1.0
0,0.47937784,0.0
1,0.5469851,1.0
1,0.53475106,1.0
0,0.63074195,1.0
0,0.49001786,0.0
1,0.5136518,1.0
1,0.546183,1.0
0,0.5486941,1.0
1,0.61082625,1.0
0,0.5279252,1.0
0,0.49191904,0.0
0,0.47717723,0.0
0,0.4893875,0.0
1,0.51914275,1.0
1,0.54637367,1.0
0,0.5114362,1.0
1,0.55023044,1.0
1,0.5388927,1.0
0,0.47855228,0.0
0,0.55212253,1.0
1,0.5392235,1.0
0,0.48900393,0.0
1,0.4977684,0.0
1,0.5426282,1.0
1,0.4990365,0.0
1,0.5216934,1.0
0,0.4788026,0.0
1,0.502567,1.0
1,0.6055658,1.0
1,0.661263,1.0
1,0.52341837,1.0
0,0.5956747,1.0
1,0.49763316,0.0
1,0.53173435,1.0
0,0.6291915,1.0
1,0.4788051,0.0
0,0.48969543,0.0
0,0.47491232,0.0
1,0.53820884,1.0
0,0.5577732,1.0
1,0.5618049,1.0
0,0.5625661,1.0
1,0.618714,1.0
1,0.536584,1.0
1,0.51643354,1.0
0,0.5480213,1.0
1,0.507864,1.0
1,0.6056387,1.0
0,0.49270466,0.0
0,0.49197945,0.0
0,0.61517984,1.0
1,0.48821217,0.0
0,0.5491528,1.0
1,0.5132488,1.0
0,0.5527005,1.0
0,0.48138538,0.0
1,0.49454033,0.0
1,0.53105295,1.0
1,0.5031271,1.0
1,0.62367135,1.0
1,0.5385853,1.0
0,0.51020586,1.0
1,0.54792297,1.0
0,0.4967819,0.0
1,0.53446233,1.0
0,0.5434139,1.0
0,0.52453095,1.0
0,0.5250191,1.0
0,0.67841107,1.0
0,0.48190057,0.0
0,0.47929797,0.0
1,0.54814523,1.0
0,0.47926676,0.0
1,0.5579049,1.0
1,0.56193095,1.0
1,0.48146638,0.0
1,0.5280158,1.0
0,0.4806483,0.0
1,0.49593467,0.0
1,0.5456873,1.0
0,0.5203089,1.0
1,0.47305167,0.0
1,0.50363755,1.0
1,0.5419888,1.0
0,0.4850592,0.0
0,0.58469796,1.0
1,0.51405007,1.0
0,0.5781135,1.0
0,0.4941752,0.0
1,0.49473688,0.0
0,0.4759583,0.0
0,0.53962094,1.0
0,0.4809623,0.0
1,0.5929742,1.0
1,0.53803027,1.0
1,0.53776157,1.0
1,0.5299507,1.0
0,0.57547945,1.0
0,0.58797365,1.0
1,0.4780556,0.0
1,0.50873405,1.0
0,0.4849007,0.0
1,0.4959589,0.0
0,0.50493777,1.0
0,0.49111158,0.0
0,0.48556137,0.0
0,0.6122505,1.0
1,0.49123594,0.0
0,0.57912844,1.0
0,0.5446097,1.0
1,0.5259295,1.0
1,0.54205716,1.0
0,0.5337609,1.0
1,0.52371866,1.0
0,0.5288571,1.0
0,0.496165,0.0
1,0.47860804,0.0
1,0.49503753,0.0
1,0.5057568,1.0
1,0.5737842,1.0
0,0.5407569,1.0
1,0.4780021,0.0
1,0.5325722,1.0
1,0.49341026,0.0
1,0.51709276,1.0
1,0.48953938,0.0
0,0.5842256,1.0
0,0.6030891,1.0
0,0.48533884,0.0
0,0.64131,1.0
1,0.54119813,1.0
1,0.48534635,0.0
0,0.52749926,1.0
1,0.4946042,0.0
1,0.51197946,1.0
1,0.50960165,1.0
0,0.47691742,0.0
1,0.5859315,1.0
1,0.5302233,1.0
1,0.47857478,0.0
1,0.6055629,1.0
1,0.49561378,0.0
1,0.48847678,0.0
0,0.47990516,0.0
1,0.54164994,1.0
0,0.48245406,0.0
1,0.643501,1.0
0,0.49016228,0.0
0,0.4967267,0.0
0,0.59281003,1.0
0,0.5232375,1.0
1,0.54952186,1.0
1,0.5379072,1.0
0,0.5142547,1.0
0,0.52005655,1.0
0,0.5666849,1.0
0,0.5811858,1.0
1,0.49733457,0.0
0,0.5815279,1.0
0,0.5291392,1.0
0,0.53688794,1.0
1,0.4775843,0.0
1,0.52200395,1.0
0,0.5647704,1.0
1,0.53312093,1.0
1,0.5623945,1.0
1,0.53578454,1.0
1,0.57777923,1.0
0,0.52015376,1.0
0,0.50417143,1.0
0,0.48113036,0.0
1,0.56939876,1.0
1,0.53679436,1.0
0,0.5127239,1.0
1,0.5943053,1.0
0,0.55482775,1.0
1,0.5557689,1.0
0,0.5054184,1.0
1,0.5418312,1.0
0,0.603696,1.0
0,0.5154479,1.0
1,0.52183175,1.0
0,0.5925338,1.0
0,0.5846092,1.0
1,0.5240373,1.0
1,0.6144108,1.0
0,0.5882066,1.0
1,0.5935842,1.0
1,0.48473054,0.0
0,0.52831745,1.0
1,0.5168628,1.0
1,0.48889643,0.0
1,0.47648522,0.0
0,0.5628241,1.0
1,0.5170256,1.0
1,0.5226154,1.0
1,0.56564224,1.0
1,0.4778446,0.0
0,0.57229084,1.0
1,0.48477632,0.0
1,0.5008139,1.0
1,0.49479163,0.0
1,0.50440484,1.0
1,0.5283678,1.0
1,0.5785848,1.0
0,0.4854614,0.0
1,0.56510663,1.0
0,0.51217747,1.0
1,0.5933243,1.0
0,0.47729346,0.0
0,0.48365822,0.0
0,0.52478456,1.0
1,0.47568306,0.0
0,0.5111174,1.0
1,0.48182964,0.0
1,0.55950797,1.0
1,0.5913381,1.0
1,0.5057121,1.0
0,0.4833949,0.0
1,0.5946456,1.0
0,0.57480973,1.0
0,0.5413857,1.0
0,0.50704956,1.0
1,0.53827566,1.0
0,0.48873943,0.0
1,0.55257106,1.0
1,0.6252576,1.0
1,0.72846144,1.0
0,0.6150583,1.0
1,0.4939396,0.0
0,0.4803815,0.0
1,0.5048965,1.0
1,0.49891672,0.0
1,0.50470924,1.0
1,0.5064303,1.0
1,0.56081694,1.0
1,0.48672083,0.0
1,0.51638794,1.0
1,0.5056102,1.0
1,0.50951034,1.0
1,0.6565193,1.0
1,0.5310452,1.0
1,0.6345118,1.0
0,0.52537787,1.0
1,0.4874358,0.0
1,0.58221203,1.0
0,0.55903554,1.0
0,0.52939373,1.0
0,0.622601,1.0
1,0.5215669,1.0
1,0.6294599,1.0
1,0.5305604,1.0
0,0.48802584,0.0
1,0.5729722,1.0
1,0.5652006,1.0
0,0.54643023,1.0
0,0.5553487,1.0
0,0.5517984,1.0
0,0.5569338,1.0
0,0.52193266,1.0
0,0.610657,1.0
1,0.5588467,1.0
1,0.55617654,1.0
0,0.5145361,1.0
0,0.538647,1.0
1,0.61460435,1.0
0,0.55660784,1.0
1,0.56310624,1.0
0,0.5161644,1.0
0,0.47490108,0.0
0,0.48129836,0.0
1,0.48142293,0.0
1,0.4933031,0.0
0,0.5335709,1.0
0,0.62069416,1.0
1,0.5610887,1.0
1,0.54220617,1.0
1,0.51003456,1.0
1,0.63456887,1.0
0,0.50873715,1.0
1,0.48070714,0.0
0,0.5043062,1.0
0,0.49891973,0.0
0,0.67103755,1.0
0,0.56000465,1.0
1,0.5629496,1.0
1,0.49683684,0.0
1,0.53205186,1.0
0,0.4858276,0.0
1,0.5660419,1.0
0,0.5603416,1.0
0,0.6268196,1.0
1,0.48544574,0.0
1,0.5699611,1.0
1,0.566878,1.0
1,0.6083357,1.0
1,0.5965719,1.0
1,0.5663748,1.0
1,0.5704659,1.0
1,0.52801,1.0
0,0.53768206,1.0
0,0.5250797,1.0
1,0.5300128,1.0
1,0.4871013,0.0
0,0.54089177,1.0
1,0.4869195,0.0
0,0.53705543,1.0
0,0.55426073,1.0
0,0.5329506,1.0
1,0.54375535,1.0
1,0.637514,1.0
0,0.5332939,1.0
1,0.546344,1.0
1,0.485525,0.0
1,0.55191004,1.0
1,0.4802298,0.0
1,0.54578155,1.0
0,0.54178077,1.0
1,0.63024855,1.0
0,0.5141011,1.0
0,0.518024,1.0
1,0.5181894,1.0
0,0.47929862,0.0
0,0.56605244,1.0
1,0.4963005,0.0
1,0.53073066,1.0
1,0.4995561,0.0
1,0.5868124,1.0
0,0.6532786,1.0
1,0.57321566,1.0
0,0.4816491,0.0
1,0.5134541,1.0
0,0.50566,1.0
0,0.48612455,0.0
1,0.6214043,1.0
0,0.5781571,1.0
1,0.5910546,1.0
1,0.52966815,1.0
1,0.48251688,0.0
0,0.5708077,1.0
1,0.5509653,1.0
1,0.5945116,1.0
0,0.56936693,1.0
1,0.5244075,1.0
1,0.5501524,1.0
0,0.48166853,0.0
0,0.49664822,0.0
1,0.48295802,0.0
1,0.5541166,1.0
0,0.50339484,1.0
1,0.5017478,1.0
0,0.569893,1.0
0,0.5729086,1.0
1,0.5171052,1.0
1,0.49966538,0.0
0,0.5680573,1.0
1,0.4801974,0.0
1,0.5646371,1.0
0,0.49489775,0.0
0,0.4948138,0.0
1,0.56933707,1.0
1,0.5056155,1.0
0,0.55783343,1.0
0,0.4981896,0.0
1,0.48683697,0.0
1,0.562958,1.0
0,0.52222115,1.0
1,0.50741476,1.0
0,0.5270167,1.0
1,0.49136528,0.0
1,0.5944514,1.0
1,0.5410853,1.0
1,0.5569124,1.0
0,0.5424024,1.0
1,0.48307994,0.0
0,0.52833885,1.0
0,0.5142482,1.0
0,0.56647533,1.0
0,0.5524863,1.0
1,0.5609863,1.0
1,0.47969407,0.0
0,0.5260769,1.0
0,0.5269197,1.0
1,0.64860034,1.0
1,0.5635174,1.0
1,0.50151205,1.0
0,0.481924,0.0
0,0.47922707,0.0
0,0.5566568,1.0
0,0.51028556,1.0
1,0.5916078,1.0
1,0.5786023,1.0
1,0.5103468,1.0
1,0.5104395,1.0
0,0.495093,0.0
1,0.51466244,1.0
1,0.6055821,1.0
0,0.58006585,1.0
0,0.48096028,0.0
0,0.53932136,1.0
1,0.54717773,1.0
0,0.5109103,1.0
0,0.52512294,1.0
0,0.58026946,1.0
0,0.6036318,1.0
1,0.5509885,1.0
0,0.5882055,1.0
1,0.507491,1.0
0,0.56072116,1.0
1,0.6568022,1.0
0,0.5189748,1.0
1,0.53762114,1.0
1,0.68499357,1.0
1,0.53528833,1.0
0,0.48831698,0.0
0,0.5601562,1.0
1,0.51963276,1.0
0,0.48701516,0.0
1,0.5697425,1.0
1,0.52536285,1.0
1,0.57918406,1.0
1,0.48383075,0.0
0,0.6151293,1.0
0,0.5482879,1.0
0,0.48525798,0.0
1,0.53892654,1.0
0,0.48615307,0.0
1,0.57969385,1.0
1,0.49573585,0.0
1,0.49103546,0.0
0,0.49366927,0.0
0,0.57493114,1.0
0,0.523855,1.0
0,0.50508696,1.0
1,0.49962056,0.0
0,0.52581996,1.0
1,0.6080195,1.0
0,0.48405302,0.0
1,0.5136199,1.0
0,0.57401764,1.0
1,0.5682577,1.0
1,0.49828666,0.0
1,0.58312804,1.0
1,0.5439762,1.0
1,0.48139206,0.0
0,0.51766264,1.0
0,0.56976324,1.0
0,0.5094645,1.0
0,0.5388965,1.0
0,0.48882008,0.0
0,0.54625964,1.0
0,0.55669993,1.0
1,0.5102272,1.0
0,0.51632667,1.0
1,0.4999919,0.0
1,0.5536511,1.0
1,0.524478,1.0
1,0.5254067,1.0
0,0.5717314,1.0
1,0.572794,1.0
0,0.48375127,0.0
0,0.52718115,1.0
1,0.47857288,0.0
0,0.48006874,0.0
1,0.5100696,1.0
0,0.5482239,1.0
0,0.53284866,1.0
1,0.4860708,0.0
0,0.6766063,1.0
0,0.5191379,1.0
0,0.5239777,1.0
0,0.48167095,0.0
1,0.507143,1.0
0,0.5847694,1.0
0,0.5226371,1.0
0,0.60124886,1.0
1,0.6111507,1.0
0,0.49215028,0.0
1,0.5419687,1.0
0,0.49926853,0.0
1,0.61409754,1.0
1,0.5051776,1.0
0,0.48399472,0.0
0,0.48871368,0.0
1,0.50774616,1.0
0,0.48644343,0.0
0,0.57960254,1.0
1,0.5123348,1.0
0,0.54893076,1.0
1,0.4812543,0.0
1,0.5306823,1.0
1,0.47985235,0.0
1,0.4910127,0.0
0,0.5269755,1.0
1,0.54433364,1.0
1,0.6056256,1.0
1,0.5045218,1.0
1,0.523986,1.0
0,0.5018312,1.0
1,0.6030826,1.0
0,0.48820245,0.0
1,0.6108002,1.0
0,0.6102414,1.0
0,0.49851763,0.0
0,0.5646087,1.0
0,0.53942984,1.0
1,0.485003,0.0
1,0.48512933,0.0
0,0.48071557,0.0
0,0.60497314,1.0
1,0.5431732,1.0
0,0.54025745,1.0
0,0.47575796,0.0
0,0.57695246,1.0
0,0.63983166,1.0
0,0.47530282,0.0
1,0.5046724,1.0
0,0.5457804,1.0
1,0.5110232,1.0
0,0.6145111,1.0
0,0.58851457,1.0
1,0.48297447,0.0
0,0.580917,1.0
1,0.57267797,1.0
1,0.5498797,1.0
1,0.5153054,1.0
0,0.5213677,1.0
0,0.56871456,1.0
1,0.6684053,1.0
0,0.5081188,1.0
1,0.55741906,1.0
0,0.56221825,1.0
1,0.49235058,0.0
1,0.5705624,1.0
1,0.48763683,0.0
1,0.5901094,1.0
1,0.48145202,0.0
1,0.55822784,1.0
1,0.51639813,1.0
1,0.5098149,1.0
0,0.52498585,1.0
1,0.5157143,1.0
1,0.60017556,1.0
0,0.5233577,1.0
1,0.54352504,1.0
0,0.5219447,1.0
1,0.52663094,1.0
1,0.49253738,0.0
0,0.5487567,1.0
1,0.52644426,1.0
1,0.5796995,1.0
1,0.61119574,1.0
0,0.58025444,1.0
1,0.48330784,0.0
0,0.4832761,0.0
1,0.49932465,0.0
0,0.53096974,1.0
0,0.4979769,0.0
1,0.52884495,1.0
1,0.5377312,1.0
0,0.5719482,1.0
0,0.49969262,0.0
0,0.48128682,0.0
0,0.49315488,0.0
0,0.56602436,1.0
0,0.48142526,0.0
1,0.62063396,1.0
1,0.48130584,0.0
0,0.49504742,0.0
0,0.4954052,0.0
0,0.57497877,1.0
0,0.5022247,1.0
1,0.47891226,0.0
0,0.58951354,1.0
0,0.6168986,1.0
0,0.51573837,1.0
0,0.47304675,0.0
0,0.48018652,0.0
0,0.50615346,1.0
1,0.5454285,1.0
0,0.5343393,1.0
1,0.5666025,1.0
1,0.62674916,1.0
0,0.5302091,1.0
0,0.61100066,1.0
0,0.47961125,0.0
0,0.549791,1.0
0,0.4783772,0.0
1,0.5024602,1.0
1,0.50515455,1.0
1,0.52238166,1.0
1,0.50433874,1.0
0,0.5275302,1.0
0,0.58148974,1.0
0,0.506895,1.0
0,0.48956063,0.0
0,0.60151297,1.0
0,0.49846905,0.0
1,0.51945543,1.0
0,0.5747235,1.0
1,0.4800315,0.0
0,0.5623415,1.0
1,0.5438379,1.0
1,0.6012284,1.0
0,0.5245693,1.0
1,0.54457295,1.0
0,0.49440867,0.0
0,0.48454344,0.0
1,0.4876101,0.0
1,0.5644112,1.0
1,0.5209506,1.0
0,0.5827466,1.0
0,0.4832398,0.0
0,0.48357257,0.0
0,0.53158313,1.0
1,0.5510643,1.0
1,0.47932416,0.0
1,0.56075305,1.0
1,0.5559607,1.0
1,0.5229156,1.0
0,0.5368457,1.0
1,0.48146865,0.0
0,0.54163224,1.0
1,0.56443393,1.0
1,0.56406105,1.0
1,0.6365853,1.0
0,0.59814715,1.0
0,0.6008569,1.0
1,0.53317875,1.0
1,0.49104843,0.0
1,0.5948923,1.0
0,0.5371355,1.0
0,0.5900386,1.0
1,0.520362,1.0
1,0.6114527,1.0
1,0.57455766,1.0
1,0.4839865,0.0
0,0.4913821,0.0
1,0.5143937,1.0
1,0.5935067,1.0
0,0.4838496,0.0
1,0.5192695,1.0
1,0.55416477,1.0
0,0.5615347,1.0
0,0.6003928,1.0
0,0.50585204,1.0
0,0.58235824,1.0
1,0.5079027,1.0
0,0.52954435,1.0
1,0.5936844,1.0
0,0.48706344,0.0
1,0.55718625,1.0
0,0.4810877,0.0
0,0.6706315,1.0
1,0.5524535,1.0
0,0.51083815,1.0
1,0.57434964,1.0
1,0.55308205,1.0
1,0.60019606,1.0
1,0.48419362,0.0
0,0.5063685,1.0
0,0.55103487,1.0
0,0.5781481,1.0
1,0.5291741,1.0
1,0.6237447,1.0
0,0.5356083,1.0
0,0.50873095,1.0
1,0.6496418,1.0
0,0.54595757,1.0
1,0.52538884,1.0
1,0.47974724,0.0
1,0.6252793,1.0
0,0.54966354,1.0
0,0.5105888,1.0
1,0.4802391,0.0
0,0.6030772,1.0
0,0.5413298,1.0
1,0.48739108,0.0
1,0.5198725,1.0
1,0.51063645,1.0
1,0.52370346,1.0
1,0.56293935,1.0
1,0.6368914,1.0
1,0.5276636,1.0
0,0.57021475,1.0
0,0.5049777,1.0
0,0.5234936,1.0
1,0.58302337,1.0
1,0.6113326,1.0
0,0.49789247,0.0
0,0.5406619,1.0
1,0.53884435,1.0
1,0.5390217,1.0
0,0.5566755,1.0
1,0.5711816,1.0
0,0.5953979,1.0
0,0.48875332,0.0
0,0.6091469,1.0
1,0.49853814,0.0
1,0.50045127,1.0
0,0.47927925,0.0
1,0.6079142,1.0
1,0.487757,0.0
0,0.48245522,0.0
1,0.66249174,1.0
1,0.570897,1.0
1,0.53800064,1.0
1,0.5665606,1.0
0,0.53327245,1.0
1,0.48310167,0.0
0,0.50926197,1.0
0,0.55059755,1.0
1,0.51320964,1.0
0,0.51812994,1.0
0,0.57850397,1.0
0,0.5295219,1.0
1,0.55100244,1.0
0,0.5635857,1.0
0,0.5020722,1.0
0,0.5619358,1.0
1,0.57321936,1.0
1,0.5824024,1.0
0,0.5682471,1.0
0,0.544554,1.0
1,0.49909183,0.0
1,0.5442175,1.0
0,0.539281,1.0
1,0.4874873,0.0
1,0.6375319,1.0
0,0.6319453,1.0
0,0.48000413,0.0
0,0.5493571,1.0
0,0.5140233,1.0
1,0.59689784,1.0
0,0.4868459,0.0
0,0.48651633,0.0
1,0.4736646,0.0
0,0.58213514,1.0
1,0.5455599,1.0
1,0.4935738,0.0
1,0.47902253,0.0
1,0.51214784,1.0
1,0.49363622,0.0
0,0.52647865,1.0
0,0.48584414,0.0
1,0.60541636,1.0
1,0.4836981,0.0
0,0.55904275,1.0
1,0.52682805,1.0
0,0.647659,1.0
0,0.5299181,1.0
0,0.4812104,0.0
0,0.5702774,1.0
0,0.56161356,1.0
1,0.48739126,0.0
0,0.49903223,0.0
1,0.49008176,0.0
1,0.6022152,1.0
1,0.63781655,1.0
1,0.5300796,1.0
1,0.5674654,1.0
1,0.494037,0.0
1,0.4897318,0.0
1,0.61288446,1.0
0,0.5601477,1.0
1,0.48176843,0.0
0,0.57422256,1.0
1,0.50657487,1.0
0,0.49658206,0.0
0,0.50263643,1.0
1,0.56086594,1.0
1,0.5507781,1.0
1,0.52798086,1.0
0,0.5455954,1.0
1,0.48046198,0.0
1,0.6264648,1.0
0,0.47599152,0.0
1,0.5214654,1.0
1,0.48778385,0.0
0,0.48524287,0.0
0,0.48385704,0.0
0,0.5928635,1.0
1,0.5015177,1.0
0,0.49845898,0.0
1,0.52801013,1.0
1,0.57462925,1.0
0,0.53777474,1.0
1,0.4906429,0.0
0,0.5833677,1.0
0,0.54492456,1.0
1,0.49679846,0.0
0,0.51398855,1.0
0,0.5473977,1.0
0,0.48534378,0.0
0,0.49672168,0.0
1,0.5059005,1.0
1,0.489966,0.0
0,0.491149,0.0
1,0.4804806,0.0
0,0.50026983,1.0
1,0.5206839,1.0
0,0.48075432,0.0
0,0.529492,1.0
0,0.5594568,1.0
0,0.5289463,1.0
0,0.5260422,1.0
1,0.5341057,1.0
0,0.62401706,1.0
1,0.6120454,1.0
0,0.5259707,1.0
0,0.58322346,1.0
1,0.6038157,1.0
0,0.55834764,1.0
1,0.54397887,1.0
1,0.5441984,1.0
0,0.49536705,0.0
0,0.5035373,1.0
1,0.52983993,1.0
1,0.53140295,1.0
0,0.571403,1.0
1,0.5506987,1.0
0,0.5373607,1.0
1,0.57169884,1.0
0,0.6251204,1.0
1,0.4881206,0.0
1,0.5317037,1.0
0,0.5613971,1.0
0,0.49451637,0.0
0,0.48343062,0.0
1,0.49144047,0.0
1,0.5786455,1.0
1,0.4960685,0.0
0,0.5112539,1.0
0,0.5170872,1.0
1,0.5287723,1.0
0,0.60702324,1.0
0,0.5702485,1.0
0,0.49118334,0.0
1,0.56086504,1.0
1,0.4857578,0.0
0,0.5807791,1.0
1,0.5370851,1.0
0,0.49467584,0.0
1,0.49938443,0.0
1,0.5639464,1.0
0,0.48322743,0.0
0,0.49795088,0.0
1,0.6109789,1.0
0,0.5337042,1.0
1,0.5772897,1.0
1,0.5879601,1.0
0,0.47565588,0.0
0,0.5492415,1.0
0,0.61288834,1.0
0,0.4933803,0.0
1,0.57821006,1.0
1,0.59798026,1.0
0,0.65253067,1.0
0,0.5489602,1.0
0,0.70598114,1.0
1,0.5227244,1.0
1,0.49657086,0.0
0,0.58385897,1.0
1,0.5528562,1.0
0,0.5259999,1.0
1,0.59928596,1.0
1,0.56886035,1.0
0,0.545804,1.0
0,0.55042624,1.0
1,0.6821258,1.0
1,0.6017232,1.0
0,0.5031275,1.0
0,0.55831856,1.0
0,0.49901786,0.0
0,0.5382903,1.0
1,0.5620111,1.0
1,0.6561523,1.0
1,0.48608455,0.0
0,0.5036214,1.0
1,0.535281,1.0
1,0.5322621,1.0
1,0.50000376,1.0
1,0.5462363,1.0
0,0.4816379,0.0
1,0.6158657,1.0
1,0.49931192,0.0
1,0.5961529,1.0
0,0.72856927,1.0
1,0.47702295,0.0
1,0.6221263,1.0
1,0.48935652,0.0
0,0.5928891,1.0
1,0.49559116,0.0
0,0.47906828,0.0
0,0.56501263,1.0
0,0.58644235,1.0
1,0.51316404,1.0
1,0.53301805,1.0
0,0.50042266,1.0
1,0.59828687,1.0
0,0.49875844,0.0
0,0.48331308,0.0
0,0.50575876,1.0
1,0.5699694,1.0
1,0.59229624,1.0
0,0.56727195,1.0
0,0.5296166,1.0
1,0.48765492,0.0
1,0.5640584,1.0
1,0.4845479,0.0
0,0.53619206,1.0
0,0.50612885,1.0
1,0.48540702,0.0
1,0.5628804,1.0
0,0.60137624,1.0
0,0.48604423,0.0
0,0.4803751,0.0
0,0.47557616,0.0
0,0.49280363,0.0
0,0.5080214,1.0
1,0.48261398,0.0
1,0.5202974,1.0
1,0.49596727,0.0
1,0.48395976,0.0
0,0.52159035,1.0
0,0.58650637,1.0
1,0.50423855,1.0
0,0.5347657,1.0
1,0.6162087,1.0
1,0.5222497,1.0
0,0.5485106,1.0
1,0.5347359,1.0
1,0.5509025,1.0
0,0.600979,1.0
1,0.5492486,1.0
0,0.62746966,1.0
1,0.48092613,0.0
1,0.5389895,1.0
0,0.4872916,0.0
1,0.48905227,0.0
1,0.52926564,1.0
0,0.5195228,1.0
0,0.5667461,1.0
1,0.58034414,1.0
1,0.58811635,1.0
1,0.54860884,1.0
1,0.49962157,0.0
0,0.4907819,0.0
1,0.595542,1.0
1,0.4956618,0.0
1,0.4940122,0.0
0,0.48349527,0.0
0,0.57367444,1.0
0,0.5770257,1.0
0,0.5053226,1.0
1,0.6104493,1.0
1,0.61369795,1.0
1,0.48450348,0.0
0,0.48084497,0.0
0,0.53647506,1.0
0,0.5462227,1.0
1,0.54181635,1.0
1,0.5818719,1.0
1,0.61130536,1.0
0,0.48477155,0.0
0,0.5308643,1.0
1,0.6298012,1.0
1,0.549948,1.0
1,0.54870355,1.0
1,0.55933034,1.0
0,0.4916388,0.0
0,0.5387537,1.0
1,0.55237633,1.0
0,0.6005947,1.0
0,0.5605116,1.0
1,0.48164916,0.0
0,0.54381865,1.0
1,0.49206638,0.0
1,0.57261413,1.0
1,0.4882547,0.0
1,0.49133492,0.0
0,0.53775954,1.0
0,0.50232,1.0
1,0.5342172,1.0
1,0.55936986,1.0
1,0.6001358,1.0
1,0.531562,1.0
0,0.62604225,1.0
1,0.54038304,1.0
1,0.5332545,1.0
1,0.50975496,1.0
1,0.5359076,1.0
1,0.5694811,1.0
0,0.50961846,1.0
0,0.53105783,1.0
0,0.5849865,1.0
1,0.5751811,1.0
1,0.60627115,1.0
0,0.51803374,1.0
0,0.5316725,1.0
0,0.5696384,1.0
1,0.6574161,1.0
1,0.62446547,1.0
1,0.52737445,1.0
0,0.49463996,0.0
1,0.48903447,0.0
0,0.5463784,1.0
1,0.50323445,1.0
0,0.5761242,1.0
1,0.5570968,1.0
0,0.4979237,0.0
0,0.5008684,1.0
0,0.47447854,0.0
1,0.5478937,1.0
1,0.5987381,1.0
1,0.55411327,1.0
1,0.6007334,1.0
0,0.54127043,1.0
0,0.48563975,0.0
1,0.55029774,1.0
1,0.52033734,1.0
1,0.54518247,1.0
1,0.48529077,0.0
0,0.60635906,1.0
0,0.4841799,0.0
1,0.5347884,1.0
0,0.49329838,0.0
0,0.48268113,0.0
1,0.49304786,0.0
1,0.59553367,1.0
1,0.5780134,1.0
1,0.5598683,1.0
1,0.547212,1.0
1,0.5120142,1.0
0,0.54096323,1.0
1,0.501988,1.0
1,0.53489065,1.0
1,0.478321,0.0
0,0.48778078,0.0
0,0.5694903,1.0
1,0.5634933,1.0
0,0.58350956,1.0
0,0.53645355,1.0
1,0.6016479,1.0
0,0.4943478,0.0
1,0.5045015,1.0
1,0.48632127,0.0
1,0.49968633,0.0
0,0.56028444,1.0
0,0.48760363,0.0
0,0.5937494,1.0
0,0.47917435,0.0
1,0.552788,1.0
1,0.58640385,1.0
1,0.5287133,1.0
0,0.5500066,1.0
0,0.5257053,1.0
0,0.48155063,0.0
1,0.49283063,0.0
0,0.4870415,0.0
0,0.53677315,1.0
0,0.5282414,1.0
1,0.5367163,1.0
0,0.4790925,0.0
1,0.59484565,1.0
1,0.6053957,1.0
0,0.52809954,1.0
0,0.48829186,0.0
1,0.5144446,1.0
0,0.5407284,1.0
1,0.481454,0.0
1,0.59638023,1.0
1,0.48122156,0.0
0,0.5683517,1.0
0,0.5684723,1.0
0,0.5873876,1.0
1,0.5239829,1.0
0,0.53925097,1.0
1,0.6177836,1.0
1,0.48653382,0.0
0,0.53751993,1.0
0,0.5645517,1.0
0,0.54506385,1.0
1,0.5093994,1.0
0,0.6131943,1.0
1,0.5265742,1.0
1,0.5682781,1.0
0,0.5607451,1.0
0,0.5470974,1.0
1,0.48541948,0.0
0,0.4877467,0.0
0,0.5605363,1.0
0,0.4974942,0.0
1,0.53650093,1.0
0,0.4892448,0.0
1,0.54557633,1.0
1,0.4782286,0.0
0,0.5223857,1.0
0,0.6291731,1.0
1,0.4894826,0.0
1,0.5657256,1.0
0,0.5597665,1.0
0,0.50789124,1.0
0,0.5772615,1.0
0,0.47711614,0.0
1,0.5382011,1.0
0,0.5108845,1.0
0,0.533987,1.0
0,0.5032503,1.0
1,0.5066385,1.0
1,0.5566664,1.0
0,0.49408647,0.0
0,0.5430206,1.0
1,0.4973668,0.0
1,0.49127483,0.0
0,0.53602815,1.0
1,0.49608508,0.0
1,0.59201163,1.0
0,0.54204226,1.0
1,0.4954108,0.0
0,0.51211554,1.0
1,0.5085408,1.0
1,0.5987634,1.0
1,0.66738224,1.0
1,0.50706685,1.0
1,0.5388551,1.0
0,0.6621321,1.0
0,0.4915229,0.0
1,0.53222305,1.0
0,0.54458624,1.0
0,0.5233612,1.0
1,0.5285103,1.0
1,0.64707184,1.0
1,0.6499097,1.0
1,0.6169901,1.0
0,0.47487715,0.0
1,0.53070134,1.0
1,0.48506278,0.0
1,0.6124298,1.0
0,0.5973611,1.0
1,0.5329525,1.0
1,0.52105504,1.0
0,0.47853154,0.0
1,0.58452713,1.0
1,0.48590693,0.0
0,0.49355263,0.0
0,0.4987555,0.0
1,0.55627,1.0
1,0.48334706,0.0
0,0.5414729,1.0
0,0.5749071,1.0
1,0.4976576,0.0
1,0.52483165,1.0
0,0.4871638,0.0
1,0.5148258,1.0
1,0.5392865,1.0
0,0.48944536,0.0
1,0.49376297,0.0
0,0.47990066,0.0
1,0.61202073,1.0
0,0.5299631,1.0
1,0.51405567,1.0
1,0.53482664,1.0
1,0.47883955,0.0
1,0.50350577,1.0
1,0.49315673,0.0
0,0.48215505,0.0
0,0.49614245,0.0
1,0.5484986,1.0
1,0.52308804,1.0
1,0.4796713,0.0
1,0.5642941,1.0
1,0.5015327,1.0
1,0.4854076,0.0
0,0.51685995,1.0
1,0.5737263,1.0
0,0.5603222,1.0
0,0.4828823,0.0
1,0.5660432,1.0
1,0.51845235,1.0
0,0.5212119,1.0
0,0.49626884,0.0
1,0.64842045,1.0
1,0.5246219,1.0
1,0.48274636,0.0
1,0.49940157,0.0
1,0.5109877,1.0
1,0.497788,0.0
0,0.6150666,1.0
0,0.50373626,1.0
1,0.53033286,1.0
0,0.5798491,1.0
0,0.6243355,1.0
1,0.53266054,1.0
0,0.68096185,1.0
0,0.56449175,1.0
1,0.61769336,1.0
1,0.48755148,0.0
1,0.6237546,1.0
1,0.5377636,1.0
0,0.5543857,1.0
0,0.54447836,1.0
1,0.4894641,0.0
0,0.4990853,0.0
0,0.53848636,1.0
0,0.5591259,1.0
0,0.5058405,1.0
0,0.4818259,0.0
1,0.4820315,0.0
0,0.4984527,0.0
1,0.53180987,1.0
0,0.5298591,1.0
0,0.5323293,1.0
0,0.49137053,0.0
1,0.50902104,1.0
1,0.49431986,0.0
0,0.4795142,0.0
0,0.56520593,1.0
0,0.5341022,1.0
0,0.476946,0.0
1,0.49352348,0.0
1,0.5575466,1.0
1,0.475277,0.0
0,0.51112854,1.0
1,0.50571764,1.0
0,0.5275911,1.0
1,0.67960566,1.0
0,0.48608398,0.0
1,0.48559573,0.0
1,0.48864016,0.0
1,0.5140194,1.0
1,0.5440842,1.0
1,0.57085663,1.0
1,0.50304824,1.0
1,0.47704437,0.0
1,0.47893676,0.0
1,0.5032142,1.0
1,0.5115281,1.0
0,0.47893533,0.0
1,0.49927506,0.0
0,0.5607195,1.0
1,0.49972305,0.0
0,0.47903708,0.0
0,0.494582,0.0
1,0.5146407,1.0
1,0.53547263,1.0
1,0.594732,1.0
0,0.5638337,1.0
0,0.5523382,1.0
1,0.7113082,1.0
1,0.5271481,1.0
1,0.55331826,1.0
1,0.59724885,1.0
0,0.4828616,0.0
1,0.5029421,1.0
0,0.5022565,1.0
0,0.56095266,1.0
1,0.48012325,0.0
1,0.4792325,0.0
0,0.55225086,1.0
1,0.5183062,1.0
1,0.5115719,1.0
1,0.48409304,0.0
0,0.56094843,1.0
0,0.52992445,1.0
1,0.5245097,1.0
0,0.5756211,1.0
0,0.50918114,1.0
1,0.5239181,1.0
1,0.5128177,1.0
1,0.47808078,0.0
0,0.49948484,0.0
1,0.53891546,1.0
1,0.5261915,1.0
1,0.47681126,0.0
0,0.5043241,1.0
1,0.48264268,0.0
1,0.47758818,0.0
1,0.54711974,1.0
1,0.49156886,0.0
1,0.47818238,0.0
0,0.49871662,0.0
0,0.4864098,0.0
0,0.48368293,0.0
0,0.5249265,1.0
0,0.4891975,0.0
1,0.58299375,1.0
0,0.52335715,1.0
1,0.50970477,1.0
1,0.615976,1.0
1,0.48189408,0.0
0,0.4987098,0.0
1,0.5638901,1.0
0,0.5003694,1.0
0,0.5885491,1.0
1,0.5090962,1.0
1,0.48506913,0.0
0,0.56016695,1.0
1,0.5900201,1.0
0,0.49868193,0.0
0,0.55141175,1.0
1,0.54861426,1.0
0,0.5002096,1.0
0,0.51563406,1.0
0,0.5639742,1.0
0,0.6263202,1.0
1,0.59578586,1.0
1,0.48610315,0.0
0,0.4798483,0.0
1,0.53532726,1.0
0,0.4871474,0.0
1,0.4789408,0.0
0,0.5539013,1.0
0,0.48394483,0.0
0,0.51502234,1.0
0,0.5637049,1.0
1,0.5185858,1.0
1,0.5836829,1.0
1,0.58166856,1.0
1,0.56629,1.0
1,0.5953304,1.0
0,0.56965506,1.0
1,0.52194065,1.0
0,0.4825665,0.0
0,0.5266854,1.0
1,0.59792596,1.0
0,0.5343886,1.0
0,0.5101997,1.0
1,0.5349998,1.0
0,0.57481104,1.0
0,0.50575215,1.0
0,0.5361211,1.0
0,0.5038792,1.0
0,0.5177085,1.0
1,0.55643153,1.0
0,0.54464847,1.0
0,0.5492455,1.0
1,0.49472612,0.0
0,0.5285283,1.0
0,0.49052665,0.0
0,0.52210915,1.0
0,0.57296884,1.0
1,0.5850278,1.0
0,0.4999963,0.0
0,0.5946297,1.0
1,0.49473634,0.0
1,0.5015298,1.0
1,0.59875464,1.0
1,0.54422057,1.0
0,0.539817,1.0
0,0.49606875,0.0
0,0.49774808,0.0
1,0.60633636,1.0
1,0.60702246,1.0
0,0.5438729,1.0
1,0.59593827,1.0
1,0.5319746,1.0
1,0.5341832,1.0
1,0.56563014,1.0
1,0.5220478,1.0
1,0.50613093,1.0
0,0.5430014,1.0
0,0.62454146,1.0
0,0.50994116,1.0
1,0.54993296,1.0
1,0.513783,1.0
0,0.47998485,0.0
0,0.47583404,0.0
1,0.6111973,1.0
0,0.53295654,1.0
1,0.58238435,1.0
1,0.52707344,1.0
0,0.4990618,0.0
0,0.5191229,1.0
0,0.6241733,1.0
1,0.48003864,0.0
0,0.48619306,0.0
0,0.5283248,1.0
0,0.48197693,0.0
1,0.56443506,1.0
0,0.59134513,1.0
1,0.6023929,1.0
1,0.6337126,1.0
0,0.47749308,0.0
1,0.48348734,0.0
0,0.50715846,1.0
1,0.49744973,0.0
0,0.528822,1.0
1,0.47540572,0.0
1,0.5411088,1.0
1,0.5281125,1.0
1,0.4915588,0.0
0,0.5466595,1.0
1,0.61612904,1.0
0,0.4816391,0.0
0,0.48017153,0.0
0,0.5085607,1.0
0,0.51454425,1.0
0,0.50105965,1.0
1,0.48138946,0.0
1,0.64145464,1.0
0,0.56099176,1.0
1,0.49479523,0.0
1,0.5532011,1.0
1,0.48703733,0.0
1,0.5297528,1.0
0,0.50751686,1.0
0,0.49362907,0.0
1,0.5215021,1.0
1,0.5711198,1.0
1,0.6217648,1.0
1,0.6157073,1.0
0,0.5034355,1.0
0,0.54986,1.0
1,0.566177,1.0
0,0.50375044,1.0
0,0.48512575,0.0
1,0.5241186,1.0
0,0.4996565,0.0
0,0.5232471,1.0
1,0.50707567,1.0
1,0.6404448,1.0
0,0.54687524,1.0
1,0.52254474,1.0
0,0.5001642,1.0
1,0.5013088,1.0
1,0.49909744,0.0
0,0.50479287,1.0
0,0.58529377,1.0
1,0.48676884,0.0
1,0.48878714,0.0
0,0.48394877,0.0
1,0.5477393,1.0
0,0.5303842,1.0
0,0.6245628,1.0
0,0.50746095,1.0
0,0.55491465,1.0
1,0.5692044,1.0
1,0.63466567,1.0
0,0.5408668,1.0
1,0.48882234,0.0
1,0.5607899,1.0
0,0.6106839,1.0
1,0.5592196,1.0
1,0.5558708,1.0
0,0.48322082,0.0
1,0.55748844,1.0
1,0.5972244,1.0
0,0.53374493,1.0
0,0.5015447,1.0
1,0.48498333,0.0
1,0.51417476,1.0
1,0.5954619,1.0
1,0.56608164,1.0
1,0.5092563,1.0
1,0.5575086,1.0
0,0.51263225,1.0
1,0.48722017,0.0
1,0.49550813,0.0
0,0.5299668,1.0
1,0.5206111,1.0
0,0.5865834,1.0
1,0.4882108,0.0
0,0.48889443,0.0
1,0.50739753,1.0
0,0.49107915,0.0
0,0.58175427,1.0
1,0.51372564,1.0
1,0.5296975,1.0
1,0.47992417,0.0
0,0.5876931,1.0
1,0.5443165,1.0
1,0.55270934,1.0
0,0.5667541,1.0
0,0.48709548,0.0
1,0.49494913,0.0
0,0.48176113,0.0
0,0.48722672,0.0
0,0.51512283,1.0
0,0.50773907,1.0
1,0.5315177,1.0
0,0.5127993,1.0
1,0.5817207,1.0
0,0.53878456,1.0
0,0.5620445,1.0
1,0.48156732,0.0
0,0.5100203,1.0
1,0.5759796,1.0
0,0.48163003,0.0
0,0.5936733,1.0
1,0.57923585,1.0
1,0.5903307,1.0
0,0.48773882,0.0
0,0.58069265,1.0
1,0.5220211,1.0
1,0.48622745,0.0
1,0.59109,1.0
0,0.52970135,1.0
0,0.5914645,1.0
1,0.54064596,1.0
0,0.506518,1.0
0,0.5282959,1.0
1,0.5203664,1.0
0,0.5166935,1.0
0,0.495129,0.0
0,0.5189087,1.0
1,0.57709485,1.0
1,0.53286713,1.0
0,0.59594554,1.0
0,0.55168813,1.0
1,0.50572485,1.0
1,0.6252583,1.0
0,0.5665692,1.0
1,0.5355101,1.0
0,0.4927233,0.0
1,0.570605,1.0
1,0.4973866,0.0
1,0.5890633,1.0
1,0.5887589,1.0
1,0.52053034,1.0
0,0.49344775,0.0
0,0.48399678,0.0
1,0.47921374,0.0
1,0.512344,1.0
0,0.5976667,1.0
1,0.4798642,0.0
0,0.49529997,0.0
1,0.6400786,1.0
1,0.5030988,1.0
1,0.53206027,1.0
1,0.48603407,0.0
0,0.5647959,1.0
0,0.52759945,1.0
1,0.5987974,1.0
0,0.48437557,0.0
1,0.50589836,1.0
1,0.49864838,0.0
0,0.5841293,1.0
1,0.58191544,1.0
0,0.56092453,1.0
0,0.5406326,1.0
0,0.4793143,0.0
1,0.5604321,1.0
0,0.4981928,0.0
0,0.5082368,1.0
0,0.5238181,1.0
0,0.5321311,1.0
1,0.5440624,1.0
0,0.5178359,1.0
0,0.48508832,0.0
0,0.48687145,0.0
1,0.512162,1.0
1,0.48139083,0.0
0,0.53746915,1.0
1,0.5225206,1.0
0,0.5673664,1.0
1,0.5343975,1.0
1,0.5294509,1.0
1,0.57209724,1.0
0,0.48634258,0.0
0,0.52394074,1.0
0,0.66859597,1.0
0,0.48070148,0.0
0,0.48057327,0.0
0,0.4833622,0.0
0,0.48366475,0.0
0,0.4878858,0.0
0,0.54398,1.0
0,0.5470875,1.0
1,0.5942309,1.0
1,0.5360736,1.0
0,0.49273545,0.0
1,0.50374806,1.0
0,0.6878355,1.0
0,0.55212754,1.0
0,0.50565773,1.0
0,0.52452755,1.0
1,0.5406715,1.0
1,0.55386084,1.0
1,0.54741174,1.0
1,0.55188024,1.0
1,0.5329138,1.0
1,0.4948145,0.0
0,0.48010665,0.0
0,0.48499963,0.0
1,0.6193544,1.0
0,0.47964656,0.0
1,0.6892398,1.0
0,0.52686644,1.0
0,0.486488,0.0
1,0.58617896,1.0
1,0.5521066,1.0
0,0.4879325,0.0
0,0.5783732,1.0
0,0.49822333,0.0
0,0.4939998,0.0
0,0.6606039,1.0
1,0.49068525,0.0
0,0.54106563,1.0
1,0.54948133,1.0
0,0.56247807,1.0
0,0.5701255,1.0
0,0.60280854,1.0
0,0.51349545,1.0
0,0.552249,1.0
1,0.52638906,1.0
1,0.48249578,0.0
0,0.6315998,1.0
0,0.57763773,1.0
1,0.5227677,1.0
0,0.49950713,0.0
1,0.4994903,0.0
0,0.57052475,1.0
0,0.5392342,1.0
1,0.4842475,0.0
1,0.6454479,1.0
1,0.50905234,1.0
1,0.59720665,1.0
0,0.5659491,1.0
0,0.51241714,1.0
1,0.47817442,0.0
1,0.5525071,1.0
0,0.513808,1.0
0,0.511405,1.0
0,0.5464918,1.0
1,0.5022133,1.0
0,0.50245255,1.0
1,0.47757214,0.0
1,0.576816,1.0
0,0.54691833,1.0
1,0.5174699,1.0
0,0.56649405,1.0
0,0.6100313,1.0
0,0.5409401,1.0
1,0.5935032,1.0
0,0.49468163,0.0
0,0.4824383,0.0
1,0.48861712,0.0
0,0.49178424,0.0
1,0.54648656,1.0
1,0.58308154,1.0
0,0.5833017,1.0
1,0.50404716,1.0
0,0.62176394,1.0
1,0.5374812,1.0
1,0.56130844,1.0
1,0.542774,1.0
1,0.5335849,1.0
1,0.5855923,1.0
1,0.51049703,1.0
1,0.53693575,1.0
1,0.62533426,1.0
0,0.5418174,1.0
0,0.5627894,1.0
0,0.52101094,1.0
0,0.6189699,1.0
1,0.5200014,1.0
0,0.4988728,0.0
1,0.49069324,0.0
1,0.59202605,1.0
0,0.59166664,1.0
0,0.55427694,1.0
1,0.5197062,1.0
0,0.503161,1.0
0,0.5042487,1.0
0,0.50635386,1.0
0,0.6282334,1.0
1,0.49358678,0.0
0,0.6036282,1.0
0,0.5502152,1.0
1,0.505343,1.0
0,0.4956741,0.0
1,0.56017095,1.0
0,0.537937,1.0
0,0.5143476,1.0
0,0.49065995,0.0
0,0.52040094,1.0
1,0.60359716,1.0
1,0.6108564,1.0
1,0.4814662,0.0
0,0.624214,1.0
0,0.51606536,1.0
0,0.56708777,1.0
0,0.5492708,1.0
1,0.5177711,1.0
1,0.6019262,1.0
0,0.48814586,0.0
1,0.49500698,0.0
1,0.5788074,1.0
0,0.5205197,1.0
0,0.56828606,1.0
1,0.49196038,0.0
0,0.48226583,0.0
1,0.58818704,1.0
0,0.5028225,1.0
0,0.47772443,0.0
1,0.49268728,0.0
1,0.52942735,1.0
0,0.48614496,0.0
1,0.6864196,1.0
1,0.58333546,1.0
0,0.47538006,0.0
1,0.5127827,1.0
0,0.53158414,1.0
0,0.5961939,1.0
1,0.5639464,1.0
1,0.49935025,0.0
1,0.59424645,1.0
0,0.55188274,1.0
1,0.54838514,1.0
1,0.52731174,1.0
1,0.47643283,0.0
1,0.5983781,1.0
0,0.51823384,1.0
1,0.49743003,0.0
0,0.571765,1.0
0,0.53341275,1.0
0,0.48383254,0.0
1,0.5130874,1.0
1,0.6121064,1.0
1,0.5139477,1.0
0,0.50087583,1.0
1,0.48281983,0.0
0,0.56264263,1.0
1,0.5724808,1.0
1,0.49541777,0.0
1,0.52768797,1.0
1,0.5301654,1.0
0,0.48916328,0.0
1,0.51977235,1.0
0,0.48122168,0.0
1,0.4794514,0.0
0,0.4941975,0.0
0,0.48873162,0.0
1,0.50064653,1.0
1,0.56937,1.0
0,0.4895887,0.0
0,0.5289068,1.0
1,0.5258161,1.0
0,0.57807714,1.0
1,0.48456174,0.0
0,0.51687264,1.0
0,0.48237127,0.0
1,0.538268,1.0
0,0.48609436,0.0
0,0.5919654,1.0
0,0.50672126,1.0
0,0.50410914,1.0
1,0.5753491,1.0
0,0.55667466,1.0
1,0.5490174,1.0
0,0.5608801,1.0
0,0.5194157,1.0
0,0.49980113,0.0
1,0.5754703,1.0
0,0.6070585,1.0
0,0.5195949,1.0
1,0.6573417,1.0
1,0.48692796,0.0
0,0.49902213,0.0
1,0.6340933,1.0
0,0.5346034,1.0
1,0.51690257,1.0
0,0.5575956,1.0
1,0.5271657,1.0
1,0.557395,1.0
0,0.48987043,0.0
1,0.5806417,1.0
0,0.571221,1.0
0,0.51941,1.0
0,0.6225924,1.0
0,0.5406042,1.0
1,0.51785505,1.0
0,0.52161807,1.0
0,0.5035255,1.0
0,0.4798891,0.0
1,0.5012131,1.0
1,0.6032405,1.0
1,0.58885336,1.0
1,0.5748915,1.0
1,0.654116,1.0
0,0.5462718,1.0
1,0.5389199,1.0
1,0.48955676,0.0
1,0.5262872,1.0
1,0.54739815,1.0
1,0.5272179,1.0
0,0.49891198,0.0
1,0.63222235,1.0
1,0.48325962,0.0
0,0.5568093,1.0
0,0.5279759,1.0
0,0.5008585,1.0
1,0.4844201,0.0
0,0.4848982,0.0
0,0.49465716,0.0
1,0.5448719,1.0
0,0.5863809,1.0
1,0.4805733,0.0
1,0.48682567,0.0
0,0.6118996,1.0
0,0.57250994,1.0
0,0.48786125,0.0
1,0.51084286,1.0
1,0.5257876,1.0
1,0.61406535,1.0
0,0.49689645,0.0
0,0.4960135,0.0
1,0.55956554,1.0
0,0.48246858,0.0
0,0.50869733,1.0
1,0.5301369,1.0
0,0.47675452,0.0
0,0.5709819,1.0
0,0.5382638,1.0
0,0.49775976,0.0
0,0.54266405,1.0
1,0.5630524,1.0
1,0.5445633,1.0
0,0.58279544,1.0
0,0.5176971,1.0
0,0.5925495,1.0
0,0.49884877,0.0
1,0.48175594,0.0
1,0.5146308,1.0
1,0.5043516,1.0
1,0.47875133,0.0
0,0.48090032,0.0
0,0.48508182,0.0
1,0.5008958,1.0
1,0.49105155,0.0
0,0.5516623,1.0
1,0.51771426,1.0
0,0.50141054,1.0
0,0.50525594,1.0
0,0.58470815,1.0
1,0.48915538,0.0
0,0.4824597,0.0
0,0.51089907,1.0
0,0.5984595,1.0
1,0.48933962,0.0
0,0.4879911,0.0
1,0.53642136,1.0
1,0.56018287,1.0
1,0.52522725,1.0
0,0.49735403,0.0
1,0.5812607,1.0
0,0.6032774,1.0
1,0.5907286,1.0
1,0.49027196,0.0
1,0.5646702,1.0
0,0.5199586,1.0
0,0.48714852,0.0
0,0.4865431,0.0
0,0.5290513,1.0
0,0.60378015,1.0
0,0.5478508,1.0
0,0.483665,0.0
0,0.5571001,1.0
0,0.51689905,1.0
1,0.5239288,1.0
1,0.5374711,1.0
0,0.5241849,1.0
1,0.5815474,1.0
0,0.5481873,1.0
0,0.5030711,1.0
1,0.57441247,1.0
1,0.5089382,1.0
0,0.53536695,1.0
0,0.5227778,1.0
0,0.4916635,0.0
1,0.60965484,1.0
1,0.47907653,0.0
1,0.634917,1.0
1,0.6581006,1.0
1,0.5860355,1.0
0,0.5438837,1.0
1,0.5172776,1.0
1,0.5970188,1.0
1,0.6070248,1.0
0,0.5481844,1.0
1,0.527766,1.0
0,0.49611,0.0
0,0.64561534,1.0
1,0.4940042,0.0
1,0.53355145,1.0
0,0.61592376,1.0
0,0.49977142,0.0
1,0.49000815,0.0
0,0.5239533,1.0
0,0.49315745,0.0
1,0.48778594,0.0
1,0.55405694,1.0
1,0.5255289,1.0
0,0.51931864,1.0
0,0.5123726,1.0
1,0.62485147,1.0
0,0.49291784,0.0
1,0.5269137,1.0
0,0.5695602,1.0
0,0.62206763,1.0
0,0.51963305,1.0
1,0.58177656,1.0
0,0.5835158,1.0
0,0.5283376,1.0
0,0.5375166,1.0
1,0.51648617,1.0
0,0.5310759,1.0
0,0.5061328,1.0
0,0.5020574,1.0
0,0.53732157,1.0
1,0.47839257,0.0
1,0.5040122,1.0
1,0.60461414,1.0
0,0.48242265,0.0
1,0.49902725,0.0
0,0.5708971,1.0
1,0.4789035,0.0
0,0.61038184,1.0
0,0.58047575,1.0
0,0.49419406,0.0
1,0.5282896,1.0
1,0.54800445,1.0
0,0.55438215,1.0
0,0.55140966,1.0
1,0.5243071,1.0
0,0.6078271,1.0
1,0.48895404,0.0
0,0.53586185,1.0
1,0.5803146,1.0
0,0.5468966,1.0
0,0.48566523,0.0
1,0.4970413,0.0
0,0.5287772,1.0
1,0.5664222,1.0
0,0.4793111,0.0
0,0.5211623,1.0
0,0.5927378,1.0
1,0.5410426,1.0
1,0.50197667,1.0
1,0.48509848,0.0
1,0.4877799,0.0
1,0.5149291,1.0
1,0.5332068,1.0
0,0.55867535,1.0
1,0.6231246,1.0
0,0.53985083,1.0
0,0.52034,1.0
1,0.48757774,0.0
1,0.58190167,1.0
1,0.5127739,1.0
1,0.5466328,1.0
0,0.4804767,0.0
0,0.49739805,0.0
0,0.5177976,1.0
0,0.55845857,1.0
0,0.48756626,0.0
0,0.4914778,0.0
0,0.52772474,1.0
1,0.49347168,0.0
0,0.57613945,1.0
0,0.48416093,0.0
0,0.49843752,0.0
0,0.5621646,1.0
1,0.63083196,1.0
1,0.581125,1.0
0,0.53908867,1.0
0,0.58503973,1.0
1,0.5223973,1.0
0,0.48055595,0.0
0,0.56901824,1.0
0,0.4869139,0.0
1,0.50982296,1.0
1,0.50717527,1.0
0,0.50102955,1.0
1,0.48521504,0.0
1,0.6057976,1.0
1,0.55330503,1.0
1,0.6751334,1.0
1,0.55251706,1.0
1,0.49698737,0.0
0,0.5084997,1.0
1,0.5614821,1.0
1,0.50407934,1.0
1,0.5573697,1.0
1,0.5082151,1.0
1,0.65400904,1.0
1,0.48182297,0.0
0,0.54040605,1.0
1,0.52778023,1.0
1,0.483107,0.0
1,0.6319889,1.0
0,0.5350815,1.0
1,0.532781,1.0
0,0.51516306,1.0
0,0.49623886,0.0
0,0.48108682,0.0
0,0.5327551,1.0
1,0.5876931,1.0
1,0.51775134,1.0
0,0.5438983,1.0
1,0.6241838,1.0
1,0.5698394,1.0
1,0.49668533,0.0
1,0.55500364,1.0
1,0.5318341,1.0
0,0.54232854,1.0
1,0.56696755,1.0
1,0.5131097,1.0
1,0.47813976,0.0
0,0.49703258,0.0
0,0.51020956,1.0
0,0.6308603,1.0
0,0.506747,1.0
0,0.48040998,0.0
1,0.54109037,1.0
0,0.49742317,0.0
0,0.53719705,1.0
0,0.5817481,1.0
1,0.5035778,1.0
0,0.47435609,0.0
0,0.5908948,1.0
0,0.57326776,1.0
0,0.49889767,0.0
1,0.5231333,1.0
1,0.6835842,1.0
1,0.5507647,1.0
1,0.5529169,1.0
0,0.59448916,1.0
1,0.5169734,1.0
0,0.47703853,0.0
0,0.5426359,1.0
1,0.5033334,1.0
0,0.4915554,0.0
0,0.5192596,1.0
1,0.5150907,1.0
0,0.51772445,1.0
1,0.48378426,0.0
1,0.5485634,1.0
0,0.5322954,1.0
1,0.47965926,0.0
0,0.5328449,1.0
0,0.52289015,1.0
0,0.5018552,1.0
0,0.5339885,1.0
0,0.55369896,1.0
1,0.5001588,1.0
0,0.5720912,1.0
0,0.48176646,0.0
0,0.48981622,0.0
0,0.5009806,1.0
1,0.48319504,0.0
0,0.52905685,1.0
1,0.47677717,0.0
1,0.49821764,0.0
0,0.5787981,1.0
1,0.5552537,1.0
1,0.6359317,1.0
0,0.50156474,1.0
1,0.4855422,0.0
1,0.6038221,1.0
0,0.4821616,0.0
1,0.6018965,1.0
0,0.5354937,1.0
0,0.5806691,1.0
0,0.48593706,0.0
1,0.59177375,1.0
1,0.62815326,1.0
0,0.48530868,0.0
1,0.5356381,1.0
1,0.5433691,1.0
0,0.47550434,0.0
1,0.563043,1.0
1,0.5068882,1.0
1,0.6110845,1.0
1,0.6658587,1.0
0,0.50147355,1.0
1,0.6046409,1.0
1,0.55493456,1.0
1,0.49723247,0.0
1,0.53766227,1.0
0,0.52790606,1.0
0,0.6601819,1.0
0,0.5115627,1.0
1,0.53423345,1.0
0,0.5407598,1.0
1,0.480704,0.0
0,0.5876296,1.0
1,0.48360786,0.0
0,0.5055519,1.0
0,0.5822304,1.0
1,0.55363196,1.0
1,0.6058159,1.0
1,0.543022,1.0
1,0.4771252,0.0
1,0.48064175,0.0
0,0.4794787,0.0
0,0.50187993,1.0
1,0.545856,1.0
0,0.5865108,1.0
0,0.5513104,1.0
1,0.489233,0.0
0,0.4990985,0.0
0,0.4941958,0.0
1,0.5197781,1.0
0,0.71014637,1.0
1,0.57238734,1.0
0,0.48013666,0.0
1,0.5697625,1.0
1,0.52511376,1.0
0,0.5152075,1.0
1,0.48452482,0.0
0,0.52326244,1.0
1,0.5363117,1.0
1,0.5810458,1.0
1,0.6043568,1.0
0,0.5210322,1.0
1,0.5315559,1.0
0,0.5547618,1.0
1,0.55621326,1.0
1,0.5494933,1.0
0,0.5107762,1.0
1,0.49581403,0.0
0,0.60849845,1.0
1,0.49125364,0.0
1,0.48994654,0.0
0,0.49000034,0.0
0,0.491964,0.0
1,0.5368398,1.0
0,0.47972992,0.0
1,0.47864303,0.0
1,0.5056736,1.0
0,0.48196188,0.0
0,0.53000414,1.0
0,0.5558067,1.0
1,0.4841428,0.0
0,0.51007617,1.0
1,0.51040506,1.0
0,0.4803003,0.0
0,0.49683377,0.0
0,0.55808914,1.0
0,0.57685834,1.0
0,0.5012423,1.0
0,0.54778576,1.0
1,0.50688934,1.0
0,0.56711715,1.0
0,0.48212773,0.0
1,0.5393242,1.0
0,0.49451873,0.0
1,0.4847047,0.0
0,0.5264169,1.0
1,0.5393892,1.0
1,0.5475371,1.0
1,0.5030135,1.0
0,0.53604734,1.0
0,0.48969725,0.0
1,0.49640706,0.0
1,0.5544409,1.0
1,0.6276873,1.0
0,0.51601297,1.0
1,0.5134235,1.0
1,0.65091246,1.0
1,0.54721224,1.0
1,0.57374185,1.0
1,0.5977143,1.0
0,0.51558983,1.0
1,0.5947515,1.0
1,0.55368507,1.0
0,0.4774828,0.0
0,0.55574745,1.0
0,0.5108286,1.0
1,0.519553,1.0
1,0.47893256,0.0
1,0.57592285,1.0
0,0.5484928,1.0
0,0.50626093,1.0
0,0.5420716,1.0
0,0.47837436,0.0
1,0.6130219,1.0
1,0.52901906,1.0
1,0.48144725,0.0
1,0.49320784,0.0
1,0.55189884,1.0
0,0.53510725,1.0
1,0.5393462,1.0
1,0.50508875,1.0
0,0.58370095,1.0
0,0.48875797,0.0
0,0.61660886,1.0
0,0.5523981,1.0
0,0.6510035,1.0
0,0.5952401,1.0
0,0.5354365,1.0
0,0.51916176,1.0
1,0.60551256,1.0
1,0.6039741,1.0
0,0.48625135,0.0
0,0.5432236,1.0
0,0.5412554,1.0
0,0.52386385,1.0
0,0.48120648,0.0
0,0.48140758,0.0
1,0.57047254,1.0
0,0.48906323,0.0
0,0.50570244,1.0
1,0.48193854,0.0
0,0.48091802,0.0
1,0.50675035,1.0
0,0.54172635,1.0
0,0.492087,0.0
0,0.48825502,0.0
0,0.4816015,0.0
0,0.55607045,1.0
1,0.5142279,1.0
1,0.5639361,1.0
1,0.47937718,0.0
0,0.5523931,1.0
1,0.47916833,0.0
1,0.5734345,1.0
1,0.53641266,1.0
0,0.54890037,1.0
0,0.5384067,1.0
0,0.49524286,0.0
0,0.70027226,1.0
0,0.50591016,1.0
1,0.5467421,1.0
1,0.5051067,1.0
0,0.47428712,0.0
1,0.49713427,0.0
1,0.5980207,1.0
1,0.50822455,1.0
1,0.57004863,1.0
1,0.5788795,1.0
0,0.47745872,0.0
0,0.47743383,0.0
1,0.50706387,1.0
0,0.48350686,0.0
1,0.49314183,0.0
1,0.5575774,1.0
0,0.47544625,0.0
0,0.53785914,1.0
0,0.54306823,1.0
1,0.5304457,1.0
0,0.5872961,1.0
1,0.4836785,0.0
0,0.5269631,1.0
0,0.64075345,1.0
1,0.56614995,1.0
1,0.54232067,1.0
0,0.5004963,1.0
0,0.48528174,0.0
1,0.5424674,1.0
0,0.48455095,0.0
0,0.52493316,1.0
1,0.5431025,1.0
1,0.5791749,1.0
1,0.4767538,0.0
0,0.6107601,1.0
1,0.514962,1.0
1,0.59756494,1.0
1,0.6435641,1.0
1,0.48562846,0.0
1,0.48158646,0.0
0,0.6232645,1.0
0,0.48133752,0.0
1,0.49897215,0.0
0,0.58252263,1.0
1,0.52713555,1.0
1,0.48029536,0.0
0,0.48817807,0.0
1,0.58682543,1.0
1,0.64704096,1.0
1,0.5570266,1.0
1,0.54566854,1.0
1,0.6361951,1.0
0,0.50449395,1.0
1,0.5571589,1.0
1,0.5546104,1.0
0,0.50654,1.0
0,0.5458042,1.0
1,0.61977446,1.0
1,0.61208344,1.0
0,0.4865676,0.0
1,0.5038937,1.0
1,0.5422498,1.0
0,0.5174953,1.0
0,0.5129188,1.0
1,0.5296188,1.0
0,0.6683762,1.0
0,0.5220282,1.0
1,0.49845126,0.0
0,0.5537951,1.0
1,0.48283425,0.0
1,0.5616819,1.0
0,0.59845984,1.0
0,0.52982306,1.0
1,0.483985,0.0
0,0.53385913,1.0
0,0.5518157,1.0
1,0.48408884,0.0
1,0.5987445,1.0
1,0.51788294,1.0
1,0.518508,1.0
1,0.6267527,1.0
0,0.5467859,1.0
0,0.484694,0.0
1,0.608388,1.0
0,0.49809802,0.0
1,0.5379209,1.0
0,0.5060993,1.0
0,0.53638685,1.0
0,0.6087258,1.0
0,0.5513961,1.0
1,0.52553093,1.0
1,0.5533968,1.0
0,0.4783439,0.0
0,0.50407994,1.0
1,0.62788707,1.0
0,0.48455638,0.0
1,0.58884287,1.0
1,0.55033296,1.0
0,0.63903177,1.0
0,0.50944614,1.0
0,0.48191202,0.0
1,0.4930349,0.0
1,0.5438134,1.0
1,0.49284613,0.0
1,0.49946317,0.0
1,0.47612774,0.0
1,0.55235744,1.0
1,0.5462374,1.0
1,0.5379472,1.0
0,0.5661766,1.0
0,0.5989175,1.0
0,0.54725677,1.0
0,0.5646021,1.0
1,0.5788155,1.0
1,0.4848601,0.0
0,0.57425547,1.0
0,0.48464763,0.0
1,0.49179798,0.0
1,0.5846221,1.0
1,0.4899698,0.0
1,0.4802695,0.0
1,0.56404626,1.0
0,0.48160076,0.0
1,0.5128137,1.0
0,0.6212364,1.0
1,0.47888705,0.0
1,0.5919596,1.0
1,0.51890635,1.0
1,0.49210697,0.0
0,0.4801103,0.0
0,0.54030615,1.0
0,0.47871438,0.0
0,0.5233499,1.0
1,0.5090321,1.0
1,0.57727265,1.0
1,0.531846,1.0
1,0.6258588,1.0
0,0.5398015,1.0
1,0.53725386,1.0
1,0.50266516,1.0
1,0.5149893,1.0
1,0.5849023,1.0
1,0.55016035,1.0
1,0.5013745,1.0
1,0.5400063,1.0
1,0.59722483,1.0
1,0.64865786,1.0
1,0.5045469,1.0
1,0.48282933,0.0
0,0.5086542,1.0
1,0.5918019,1.0
1,0.57738435,1.0
1,0.5650816,1.0
1,0.54695207,1.0
0,0.5421121,1.0
1,0.60860366,1.0
0,0.51353544,1.0
0,0.56277484,1.0
1,0.5929711,1.0
0,0.6195325,1.0
1,0.56834537,1.0
1,0.54487103,1.0
0,0.51082844,1.0
1,0.5717525,1.0
1,0.54444575,1.0
0,0.48207998,0.0
0,0.60494125,1.0
1,0.5516272,1.0
1,0.5061222,1.0
0,0.47441244,0.0
0,0.4971515,0.0
0,0.5982352,1.0
1,0.483578,0.0
1,0.5369508,1.0
1,0.6742296,1.0
1,0.5089045,1.0
0,0.5636364,1.0
1,0.58328724,1.0
0,0.5569919,1.0
0,0.56286794,1.0
1,0.5074658,1.0
0,0.48319638,0.0
0,0.48171178,0.0
1,0.56334126,1.0
1,0.5071741,1.0
0,0.48962444,0.0
0,0.5570862,1.0
0,0.59675,1.0
1,0.5731082,1.0
1,0.5174003,1.0
0,0.50814277,1.0
1,0.4758659,0.0
0,0.5240828,1.0
0,0.47978473,0.0
0,0.48063272,0.0
1,0.49512655,0.0
0,0.48566207,0.0
0,0.49657583,0.0
1,0.52118814,1.0
0,0.5984601,1.0
1,0.5640584,1.0
0,0.48025432,0.0
1,0.47781608,0.0
1,0.4966244,0.0
1,0.58173966,1.0
1,0.6728245,1.0
1,0.5677814,1.0
1,0.5003088,1.0
0,0.47918814,0.0
1,0.4805428,0.0
1,0.55415267,1.0
1,0.48140448,0.0
1,0.51613873,1.0
0,0.51921743,1.0
0,0.63922864,1.0
1,0.48606867,0.0
1,0.601362,1.0
0,0.50117415,1.0
1,0.6104319,1.0
0,0.586598,1.0
1,0.50487113,1.0
1,0.5491275,1.0
1,0.56818324,1.0
0,0.5752661,1.0
0,0.533311,1.0
1,0.6201186,1.0
1,0.5784698,1.0
1,0.66159844,1.0
0,0.5729308,1.0
0,0.48930466,0.0
0,0.58851457,1.0
1,0.50203055,1.0
0,0.4823571,0.0
1,0.52622515,1.0
0,0.5471546,1.0
1,0.4917944,0.0
1,0.52694166,1.0
1,0.5832134,1.0
0,0.53771627,1.0
1,0.4816118,0.0
1,0.47565442,0.0
0,0.47994274,0.0
0,0.55106,1.0
0,0.48825884,0.0
0,0.5501325,1.0
1,0.54263306,1.0
0,0.5834028,1.0
0,0.4816469,0.0
0,0.6152147,1.0
0,0.49102655,0.0
1,0.5334526,1.0
1,0.51001537,1.0
0,0.52909565,1.0
1,0.49949017,0.0
1,0.5206065,1.0
1,0.5506251,1.0
1,0.5150088,1.0
0,0.5221855,1.0
1,0.5799709,1.0
0,0.5124449,1.0
1,0.4824566,0.0
0,0.51351005,1.0
0,0.4875751,0.0
0,0.5394994,1.0
0,0.57748383,1.0
1,0.5267849,1.0
1,0.49322924,0.0
0,0.5198416,1.0
1,0.48627874,0.0
1,0.5936362,1.0
0,0.50846934,1.0
1,0.6365453,1.0
1,0.50225484,1.0
0,0.4841965,0.0
0,0.5310483,1.0
0,0.52693987,1.0
0,0.48679024,0.0
0,0.51884574,1.0
1,0.58248234,1.0
1,0.5021855,1.0
1,0.53541166,1.0
1,0.4918067,0.0
0,0.49650753,0.0
1,0.47978845,0.0
0,0.5312579,1.0
0,0.57055175,1.0
1,0.5530602,1.0
0,0.5943842,1.0
0,0.5822689,1.0
1,0.6720167,1.0
1,0.50912225,1.0
1,0.5598253,1.0
1,0.48330808,0.0
1,0.5288206,1.0
0,0.48031175,0.0
1,0.5866586,1.0
1,0.49456164,0.0
1,0.49718708,0.0
0,0.4791175,0.0
1,0.56112623,1.0
1,0.6176702,1.0
0,0.5458805,1.0
0,0.4943279,0.0
0,0.4978149,0.0
0,0.5760972,1.0
1,0.6906164,1.0
1,0.5213085,1.0
1,0.48110452,0.0
1,0.53156686,1.0
0,0.49950552,0.0
0,0.59302735,1.0
1,0.5029244,1.0
0,0.4999777,0.0
1,0.49226275,0.0
0,0.4922374,0.0
1,0.5858912,1.0
0,0.5703007,1.0
0,0.65610576,1.0
1,0.493289,0.0
1,0.60352427,1.0
1,0.49385494,0.0
1,0.5008163,1.0
1,0.54667604,1.0
1,0.49264064,0.0
1,0.5999835,1.0
1,0.49668247,0.0
1,0.54472595,1.0
0,0.5317082,1.0
1,0.51951474,1.0
1,0.5804058,1.0
1,0.51283866,1.0
1,0.60367715,1.0
0,0.6202395,1.0
1,0.52822644,1.0
1,0.58738697,1.0
1,0.4995489,0.0
0,0.5857231,1.0
1,0.5107727,1.0
1,0.50117016,1.0
1,0.49685436,0.0
0,0.49106455,0.0
1,0.5142699,1.0
1,0.52175057,1.0
1,0.5017662,1.0
0,0.47808236,0.0
1,0.5905084,1.0
1,0.5035805,1.0
1,0.5750469,1.0
0,0.48523596,0.0
1,0.47996485,0.0
0,0.5527122,1.0
1,0.49931502,0.0
0,0.5315482,1.0
0,0.48360586,0.0
1,0.4825485,0.0
1,0.52190584,1.0
0,0.5371652,1.0
1,0.56062853,1.0
0,0.4837568,0.0
0,0.5030751,1.0
0,0.5859716,1.0
0,0.6024535,1.0
1,0.49491012,0.0
0,0.48554817,0.0
1,0.4872077,0.0
0,0.47704536,0.0
0,0.5590475,1.0
0,0.4966538,0.0
0,0.4885951,0.0
0,0.48266914,0.0
0,0.48322058,0.0
0,0.59737396,1.0
0,0.48245782,0.0
0,0.492485,0.0
1,0.48545107,0.0
0,0.520669,1.0
0,0.5449006,1.0
0,0.55819494,1.0
1,0.5202148,1.0
1,0.5918596,1.0
0,0.6541067,1.0
1,0.4793801,0.0
0,0.47955394,0.0
0,0.66931474,1.0
0,0.47776818,0.0
1,0.6601457,1.0
0,0.58476025,1.0
1,0.58913726,1.0
0,0.48010942,0.0
0,0.5078145,1.0
1,0.52942103,1.0
1,0.50478196,1.0
1,0.47839597,0.0
1,0.51412636,1.0
0,0.59819466,1.0
0,0.6014701,1.0
0,0.61357576,1.0
0,0.51633644,1.0
0,0.55164653,1.0
1,0.47919556,0.0
0,0.60594857,1.0
1,0.65098053,1.0
1,0.48742276,0.0
1,0.4807951,0.0
1,0.5099771,1.0
0,0.498879,0.0
0,0.53162646,1.0
1,0.62108505,1.0
1,0.5303162,1.0
0,0.5559309,1.0
0,0.51490647,1.0
1,0.49815077,0.0
0,0.48250332,0.0
1,0.6122833,1.0
1,0.5198467,1.0
0,0.48478943,0.0
1,0.6029128,1.0
0,0.5024754,1.0
1,0.67532825,1.0
1,0.50786275,1.0
1,0.62824696,1.0
1,0.4877313,0.0
0,0.483172,0.0
1,0.5049243,1.0
1,0.4797563,0.0
1,0.48091963,0.0
0,0.48615307,0.0
1,0.5525258,1.0
1,0.61408263,1.0
0,0.54426116,1.0
1,0.5494239,1.0
1,0.6329893,1.0
1,0.51921654,1.0
1,0.5210495,1.0
0,0.51294,1.0
1,0.63957536,1.0
1,0.58778185,1.0
0,0.521274,1.0
1,0.509951,1.0
1,0.5522157,1.0
1,0.5494238,1.0
1,0.561421,1.0
0,0.59318644,1.0
0,0.4882777,0.0
1,0.5714374,1.0
1,0.5316854,1.0
0,0.57710266,1.0
0,0.47716302,0.0
1,0.497527,0.0
1,0.52938503,1.0
0,0.5716274,1.0
0,0.5229861,1.0
0,0.5085119,1.0
1,0.50455064,1.0
1,0.53759766,1.0
0,0.48420894,0.0
0,0.49921516,0.0
0,0.5543094,1.0
1,0.5628198,1.0
1,0.5086665,1.0
0,0.5290114,1.0
0,0.5047898,1.0
1,0.5045461,1.0
1,0.4840194,0.0
1,0.48629284,0.0
1,0.5482756,1.0
0,0.4824511,0.0
0,0.58425826,1.0
0,0.47388157,0.0
0,0.48421085,0.0
0,0.50006557,1.0
0,0.49402326,0.0
1,0.5208381,1.0
1,0.5182526,1.0
0,0.5168453,1.0
0,0.48927352,0.0
0,0.5160707,1.0
1,0.49055064,0.0
1,0.62566364,1.0
1,0.501841,1.0
0,0.50488955,1.0
0,0.57078743,1.0
1,0.5478322,1.0
0,0.5448457,1.0
0,0.5879173,1.0
1,0.5588864,1.0
0,0.6109546,1.0
0,0.5388949,1.0
1,0.58324194,1.0
0,0.4854104,0.0
0,0.47904426,0.0
1,0.5435008,1.0
0,0.5208742,1.0
1,0.48393068,0.0
1,0.5048768,1.0
1,0.53847617,1.0
1,0.55210286,1.0
0,0.48159575,0.0
0,0.5052204,1.0
0,0.48985556,0.0
1,0.53238976,1.0
0,0.53735465,1.0
1,0.5554431,1.0
1,0.57066417,1.0
1,0.5826743,1.0
1,0.56271124,1.0
0,0.54279214,1.0
1,0.60917664,1.0
1,0.48291183,0.0
1,0.5722704,1.0
0,0.5187898,1.0
0,0.5624734,1.0
1,0.64003515,1.0
1,0.48527548,0.0
1,0.54705083,1.0
1,0.5583035,1.0
1,0.58462566,1.0
1,0.5428829,1.0
0,0.62610763,1.0
1,0.5122109,1.0
1,0.6091869,1.0
1,0.56321216,1.0
0,0.49349323,0.0
0,0.49873862,0.0
1,0.5688711,1.0
0,0.5079929,1.0
0,0.5187828,1.0
0,0.59075105,1.0
0,0.60348666,1.0
0,0.5147507,1.0
1,0.59116113,1.0
0,0.5880581,1.0
1,0.48446688,0.0
0,0.5546938,1.0
0,0.5230947,1.0
0,0.48831666,0.0
0,0.52905285,1.0
0,0.49779728,0.0
1,0.51745605,1.0
0,0.56188124,1.0
1,0.54897404,1.0
1,0.57489705,1.0
1,0.6401305,1.0
1,0.56038177,1.0
1,0.48401672,0.0
0,0.4816202,0.0
1,0.5908149,1.0
1,0.6384245,1.0
0,0.5572794,1.0
1,0.60674566,1.0
0,0.52504116,1.0
1,0.5321534,1.0
1,0.4820682,0.0
1,0.5224066,1.0
0,0.48695147,0.0
1,0.5576241,1.0
1,0.5396388,1.0
1,0.48100236,0.0
1,0.5397604,1.0
0,0.486312,0.0
1,0.53047025,1.0
1,0.4923197,0.0
0,0.49930027,0.0
1,0.5145691,1.0
1,0.5279241,1.0
0,0.5461599,1.0
0,0.49917808,0.0
0,0.54112524,1.0
1,0.48174852,0.0
0,0.47870532,0.0
0,0.5006255,1.0
1,0.49193168,0.0
1,0.5226726,1.0
1,0.5387198,1.0
1,0.5401439,1.0
1,0.57056767,1.0
1,0.6059508,1.0
1,0.54733306,1.0
1,0.5545228,1.0
1,0.4911394,0.0
1,0.48759207,0.0
1,0.5629784,1.0
1,0.5098428,1.0
1,0.5393553,1.0
0,0.5598269,1.0
0,0.6114573,1.0
0,0.48615846,0.0
1,0.4910187,0.0
0,0.5801877,1.0
1,0.5131724,1.0
0,0.5302439,1.0
1,0.5552126,1.0
1,0.6324435,1.0
1,0.5484241,1.0
1,0.52850026,1.0
1,0.6175203,1.0
0,0.49468786,0.0
1,0.54717696,1.0
1,0.54434246,1.0
1,0.5587376,1.0
1,0.53982896,1.0
1,0.50480026,1.0
0,0.5411083,1.0
0,0.50937134,1.0
0,0.58192956,1.0
1,0.6420481,1.0
1,0.54446906,1.0
1,0.5471549,1.0
1,0.47986168,0.0
1,0.62548375,1.0
1,0.49394694,0.0
1,0.5708599,1.0
0,0.5760843,1.0
0,0.48090574,0.0
0,0.491844,0.0
1,0.5406659,1.0
1,0.5008133,1.0
1,0.48594093,0.0
1,0.61246616,1.0
1,0.5009076,1.0
1,0.51952523,1.0
1,0.55681854,1.0
0,0.5572809,1.0
1,0.49955395,0.0
1,0.5392413,1.0
1,0.5535119,1.0
0,0.48390135,0.0
1,0.47582084,0.0
0,0.5554223,1.0
0,0.5586915,1.0
1,0.51275575,1.0
1,0.57942355,1.0
1,0.6098791,1.0
1,0.5211682,1.0
0,0.47924715,0.0
0,0.48292956,0.0
0,0.61579007,1.0
0,0.49056932,0.0
1,0.47602454,0.0
1,0.48604038,0.0
0,0.5658548,1.0
1,0.5072689,1.0
1,0.52102417,1.0
0,0.48882088,0.0
1,0.62976867,1.0
0,0.5041589,1.0
0,0.48652467,0.0
1,0.49384806,0.0
1,0.49436408,0.0
0,0.5277592,1.0
1,0.5388254,1.0
1,0.5280517,1.0
0,0.554476,1.0
1,0.60169417,1.0
1,0.53863055,1.0
0,0.4968137,0.0
1,0.49904263,0.0
0,0.4951912,0.0
1,0.53435457,1.0
1,0.54511064,1.0
1,0.59760606,1.0
0,0.57681054,1.0
1,0.5579776,1.0
1,0.5463688,1.0
0,0.48314962,0.0
1,0.49495926,0.0
1,0.57225555,1.0
1,0.49714288,0.0
0,0.4909932,0.0
1,0.5485218,1.0
0,0.63174886,1.0
1,0.58134127,1.0
1,0.5327135,1.0
0,0.48238313,0.0
1,0.5933685,1.0
0,0.5299254,1.0
1,0.50583655,1.0
1,0.62074625,1.0
0,0.47447023,0.0
0,0.542282,1.0
1,0.48635104,0.0
0,0.49516857,0.0
0,0.6125933,1.0
0,0.59601355,1.0
1,0.5272053,1.0
0,0.48470646,0.0
0,0.49122834,0.0
0,0.4861561,0.0
0,0.5430622,1.0
0,0.5006794,1.0
0,0.53212965,1.0
0,0.57451373,1.0
0,0.5111684,1.0
0,0.4919378,0.0
0,0.48372075,0.0
1,0.60140115,1.0
1,0.48570776,0.0
0,0.5423871,1.0
0,0.61219,1.0
0,0.49952474,0.0
0,0.4959083,0.0
0,0.55777395,1.0
1,0.5160083,1.0
1,0.5812021,1.0
1,0.6189084,1.0
1,0.4916311,0.0
1,0.5436762,1.0
1,0.48804522,0.0
1,0.55768895,1.0
0,0.48465168,0.0
1,0.49334276,0.0
1,0.53089285,1.0
0,0.4805486,0.0
0,0.5487163,1.0
1,0.49733993,0.0
1,0.47881418,0.0
0,0.48063383,0.0
0,0.5760735,1.0
0,0.4779422,0.0
1,0.54653007,1.0
1,0.5609364,1.0
0,0.5383804,1.0
0,0.49441403,0.0
0,0.61350256,1.0
0,0.53716606,1.0
0,0.59644514,1.0
1,0.55872625,1.0
0,0.6909906,1.0
1,0.5510325,1.0
0,0.5705596,1.0
1,0.5889916,1.0
0,0.5108639,1.0
1,0.61845505,1.0
1,0.51302683,1.0
1,0.5271325,1.0
0,0.48840433,0.0
1,0.5660308,1.0
0,0.5557914,1.0
1,0.5219203,1.0
0,0.5040142,1.0
0,0.47668537,0.0
0,0.49952576,0.0
0,0.5510417,1.0
1,0.52886784,1.0
0,0.481492,0.0
1,0.5709927,1.0
1,0.47727737,0.0
1,0.48359492,0.0
0,0.48600727,0.0
0,0.50867593,1.0
1,0.5493478,1.0
0,0.5289378,1.0
0,0.47559303,0.0
1,0.47913754,0.0
0,0.49543393,0.0
0,0.47516972,0.0
1,0.48240626,0.0
0,0.4918815,0.0
0,0.588876,1.0
1,0.52600724,1.0
0,0.48634765,0.0
1,0.61660075,1.0
